<scheme name="Material Theme - Lighter" version="142" parent_scheme="Default">
    <option name="LINE_SPACING" value="1.0"/>
    <font>
        <option name="EDITOR_FONT_NAME" value="Fira Code"/>
        <option name="EDITOR_FONT_SIZE" value="12"/>
    </font>
    <font>
        <option name="EDITOR_FONT_NAME" value="Source Code Pro"/>
        <option name="EDITOR_FONT_SIZE" value="12"/>
    </font>
    <option name="CONSOLE_FONT_NAME" value="Menlo"/>
    <option name="CONSOLE_FONT_SIZE" value="12"/>
    <colors>
        <option name="ADDED_LINES_COLOR" value="202431"/>
        <option name="ANNOTATIONS_COLOR" value="8b999f"/>
        <option name="CARET_COLOR" value="3c3c3c"/>
        <option name="CARET_ROW_COLOR" value="eaecee"/>
        <option name="CONSOLE_BACKGROUND_KEY" value="fafafa"/>
        <option name="FILESTATUS_ADDED" value="80cbc4" />
        <option name="FILESTATUS_COPIED" value="659d9a" />
        <option name="FILESTATUS_DELETED" value="f77669" />
        <option name="FILESTATUS_HIJACKED" value="ffcb6b" />
        <option name="FILESTATUS_IDEA_FILESTATUS_DELETED_FROM_FILE_SYSTEM" value="f77669" />
        <option name="FILESTATUS_IDEA_FILESTATUS_IGNORED" value="546e7a" />
        <option name="FILESTATUS_IDEA_FILESTATUS_MERGED_WITH_BOTH_CONFLICTS" value="d5756c" />
        <option name="FILESTATUS_IDEA_FILESTATUS_MERGED_WITH_CONFLICTS" value="d5756c" />
        <option name="FILESTATUS_IDEA_FILESTATUS_MERGED_WITH_PROPERTY_CONFLICTS" value="d5756c" />
        <option name="FILESTATUS_IDEA_SVN_FILESTATUS_EXTERNAL" value="c3e88d" />
        <option name="FILESTATUS_IGNORE.PROJECT_VIEW.IGNORED" value="546e7a" />
        <option name="FILESTATUS_MERGED" value="65738e" />
        <option name="FILESTATUS_MODIFIED" value="80cbc4" />
        <option name="FILESTATUS_NOT_CHANGED" value="" />
        <option name="FILESTATUS_NOT_CHANGED_IMMEDIATE" value="80cbc4" />
        <option name="FILESTATUS_NOT_CHANGED_RECURSIVE" value="80cbc4" />
        <option name="FILESTATUS_UNKNOWN" value="f77669" />
        <option name="FILESTATUS_addedOutside" value="629755" />
        <option name="FILESTATUS_changelistConflict" value="d5756c" />
        <option name="FILESTATUS_modifiedOutside" value="80cbc4" />
        <option name="GUTTER_BACKGROUND" value="fafafa"/>
        <option name="INDENT_GUIDE" value=""/>
        <option name="LINE_NUMBERS_COLOR" value="475f63"/>
        <option name="METHOD_SEPARATORS_COLOR" value="2e3c43"/>
        <option name="MODIFIED_LINES_COLOR" value=""/>
        <option name="NOTIFICATION_BACKGROUND" value="3d1a11"/>
        <option name="READONLY_FRAGMENT_BACKGROUND" value=""/>
        <option name="RECURSIVE_CALL_ATTRIBUTES" value="574300"/>
        <option name="RIGHT_MARGIN_COLOR" value="2e3c43"/>
        <option name="SELECTED_INDENT_GUIDE" value="505050"/>
        <option name="SELECTED_TEARLINE_COLOR" value="2e3c43"/>
        <option name="SELECTION_BACKGROUND" value="cceae7"/>
        <option name="SELECTION_FOREGROUND" value=""/>
        <option name="SOFT_WRAP_SIGN_COLOR" value="2e3c43"/>
        <option name="TEARLINE_COLOR" value="2e3c43"/>
        <option name="WHITESPACES" value="2e3c43"/>
    </colors>
    <attributes>
        <option name="ANNOTATION_ATTRIBUTE_NAME_ATTRIBUTES">
            <value>
                <option name="FOREGROUND" value="d0d0ff"/>
            </value>
        </option>
        <option name="ANNOTATION_NAME_ATTRIBUTES">
            <value>
                <option name="FOREGROUND" value="bbb529"/>
                <option name="EFFECT_TYPE" value="1"/>
            </value>
        </option>
        <option name="BAD_CHARACTER">
            <value>
                <option name="EFFECT_COLOR" value="e889b5"/>
                <option name="EFFECT_TYPE" value="2"/>
            </value>
        </option>
        <option name="BASH.CONDITIONAL">
            <value>
                <option name="FOREGROUND" value="2c9ea7"/>
            </value>
        </option>
        <option name="BASH.EXTERNAL_COMMAND">
            <value>
                <option name="FOREGROUND" value="e4cb8f"/>
                <option name="FONT_TYPE" value="2"/>
            </value>
        </option>
        <option name="BASH.INTERNAL_COMMAND">
            <value>
                <option name="FOREGROUND" value="6dc2b8"/>
            </value>
        </option>
        <option name="BASH.VAR_DEF">
            <value>
                <option name="FOREGROUND" value="c2c8d7"/>
            </value>
        </option>
        <option name="BASH.VAR_USE">
            <value>
                <option name="FOREGROUND" value="ff5370"/>
            </value>
        </option>
        <option name="BLADE_DIRECTIVE">
            <value>
                <option name="FOREGROUND" value="ff5370"/>
            </value>
        </option>
        <option name="BNF_KEYWORD">
            <value>
                <option name="FOREGROUND" value="1a1f29"/>
            </value>
        </option>
        <option name="BNF_NUMBER">
            <value>
                <option name="FOREGROUND" value="f36e3a"/>
            </value>
        </option>
        <option name="BREAKPOINT_ATTRIBUTES">
            <value>
                <option name="BACKGROUND" value="252b39"/>
            </value>
        </option>
        <option name="CLASS_NAME_ATTRIBUTES">
            <value>
                <option name="FOREGROUND" value="ffcb6b"/>
            </value>
        </option>
        <option name="CLASS_REFERENCE">
            <value>
                <option name="FOREGROUND" value="1a1f29"/>
            </value>
        </option>
        <option name="COFFEESCRIPT.EXPRESSIONS_SUBSTITUTION_MARK">
            <value>
                <option name="FOREGROUND" value="dee3ec"/>
                <option name="EFFECT_TYPE" value="5"/>
            </value>
        </option>
        <option name="COFFEESCRIPT.JAVASCRIPT_CONTENT">
            <value>
                <option name="FOREGROUND" value="dee3ec"/>
                <option name="EFFECT_TYPE" value="5"/>
            </value>
        </option>
        <option name="COFFEESCRIPT.PARAMETER">
            <value>
                <option name="EFFECT_COLOR" value="dee3ec"/>
                <option name="EFFECT_TYPE" value="1"/>
            </value>
        </option>
        <option name="CONDITIONALLY_NOT_COMPILED">
            <value>
                <option name="FOREGROUND" value="536c46"/>
            </value>
        </option>
        <option name="CONSOLE_BLUE_BRIGHT_OUTPUT">
            <value>
                <option name="FOREGROUND" value="7eaef1"/>
            </value>
        </option>
        <option name="CONSOLE_BLUE_OUTPUT">
            <value>
                <option name="FOREGROUND" value="5394ec"/>
            </value>
        </option>
        <option name="CONSOLE_CYAN_BRIGHT_OUTPUT">
            <value>
                <option name="FOREGROUND" value="6cdada"/>
            </value>
        </option>
        <option name="CONSOLE_CYAN_OUTPUT">
            <value>
                <option name="FOREGROUND" value="33cccc"/>
            </value>
        </option>
        <option name="CONSOLE_ERROR_OUTPUT">
            <value>
                <option name="FOREGROUND" value="ff6b68"/>
            </value>
        </option>
        <option name="CONSOLE_GRAY_OUTPUT">
            <value>
                <option name="FOREGROUND" value="999999"/>
            </value>
        </option>
        <option name="CONSOLE_GREEN_BRIGHT_OUTPUT">
            <value>
                <option name="FOREGROUND" value="70ff70"/>
            </value>
        </option>
        <option name="CONSOLE_GREEN_OUTPUT">
            <value>
                <option name="FOREGROUND" value="7f00"/>
            </value>
        </option>
        <option name="CONSOLE_MAGENTA_BRIGHT_OUTPUT">
            <value>
                <option name="FOREGROUND" value="ff99ff"/>
            </value>
        </option>
        <option name="CONSOLE_MAGENTA_OUTPUT">
            <value>
                <option name="FOREGROUND" value="ff70ff"/>
            </value>
        </option>
        <option name="CONSOLE_NORMAL_OUTPUT">
            <value>
                <option name="FOREGROUND" value="ffffff"/>
            </value>
        </option>
        <option name="CONSOLE_OUTPUT">
            <value>
                <option name="BACKGROUND" value="252b39"/>
            </value>
        </option>
        <option name="CONSOLE_RANGE_TO_EXECUTE">
            <value>
                <option name="BACKGROUND" value="252b39"/>
            </value>
        </option>
        <option name="CONSOLE_RED_BRIGHT_OUTPUT">
            <value>
                <option name="FOREGROUND" value="ff8785"/>
            </value>
        </option>
        <option name="CONSOLE_RED_OUTPUT">
            <value>
                <option name="FOREGROUND" value="ff6b68"/>
            </value>
        </option>
        <option name="CONSOLE_SYSTEM_OUTPUT">
            <value>
                <option name="FOREGROUND" value="f8f8f0"/>
            </value>
        </option>
        <option name="CONSOLE_WHITE_OUTPUT">
            <value>
                <option name="FOREGROUND" value="f8f8f0"/>
            </value>
        </option>
        <option name="CONSOLE_YELLOW_BRIGHT_OUTPUT">
            <value>
                <option name="FOREGROUND" value="ffff00"/>
            </value>
        </option>
        <option name="CONSOLE_YELLOW_OUTPUT">
            <value>
                <option name="FOREGROUND" value="cdcd00"/>
            </value>
        </option>
        <option name="CSS.BRACKETS">
            <value>
                <option name="FOREGROUND" value="c792ea"/>
            </value>
        </option>
        <option name="CSS.COLOR">
            <value>
                <option name="FOREGROUND" value="ffea7d"/>
            </value>
        </option>
        <option name="CSS.DOT">
            <value>
                <option name="FOREGROUND" value="ffc251"/>
            </value>
        </option>
        <option name="CSS.FUNCTION">
            <value>
                <option name="FOREGROUND" value="6dc2b8"/>
            </value>
        </option>
        <option name="CSS.HASH">
            <value>
                <option name="FOREGROUND" value="f9cf0a"/>
            </value>
        </option>
        <option name="CSS.IDENT">
            <value>
                <option name="FOREGROUND" value="ffc251"/>
            </value>
        </option>
        <option name="CSS.IMPORTANT">
            <value>
                <option name="FOREGROUND" value="c792ea"/>
                <option name="FONT_TYPE" value="1"/>
            </value>
        </option>
        <option name="CSS.NUMBER">
            <value>
                <option name="FOREGROUND" value="f55e53"/>
            </value>
        </option>
        <option name="CSS.OPERATORS">
            <value>
                <option name="FOREGROUND" value="f55e53"/>
                <option name="FONT_TYPE" value="1"/>
            </value>
        </option>
        <option name="CSS.PARENTHESES">
            <value>
                <option name="FOREGROUND" value="c2c8d7"/>
            </value>
        </option>
        <option name="CSS.PROPERTY_NAME">
            <value>
                <option name="FOREGROUND" value="6dc2b8"/>
            </value>
        </option>
        <option name="CSS.PROPERTY_VALUE">
            <value>
                <option name="FOREGROUND" value="c3cee3"/>
            </value>
        </option>
        <option name="CSS.PSEUDO">
            <value>
                <option name="FOREGROUND" value="ffc251"/>
            </value>
        </option>
        <option name="CSS.TAG_NAME">
            <value>
                <option name="FOREGROUND" value="ff5370"/>
            </value>
        </option>
        <option name="CSS.UNICODE.RANGE">
            <value>
                <option name="FOREGROUND" value="f55e53"/>
            </value>
        </option>
        <option name="CSS.URL">
            <value>
                <option name="FOREGROUND" value="ff5370"/>
            </value>
        </option>
        <option name="CTRL_CLICKABLE">
            <value>
                <option name="FOREGROUND" value="58bcb3"/>
                <option name="EFFECT_TYPE" value="1"/>
            </value>
        </option>
        <option name="CUSTOM_INVALID_STRING_ESCAPE_ATTRIBUTES">
            <value>
                <option name="FOREGROUND" value="8000"/>
                <option name="BACKGROUND" value="252b39"/>
            </value>
        </option>
        <option name="CUSTOM_KEYWORD1_ATTRIBUTES">
            <value>
                <option name="FOREGROUND" value="1a1f29"/>
            </value>
        </option>
        <option name="CUSTOM_KEYWORD2_ATTRIBUTES">
            <value>
                <option name="FOREGROUND" value="ab51ba"/>
            </value>
        </option>
        <option name="CUSTOM_KEYWORD3_ATTRIBUTES">
            <value>
                <option name="FOREGROUND" value="f9795"/>
            </value>
        </option>
        <option name="CUSTOM_KEYWORD4_ATTRIBUTES">
            <value>
                <option name="FOREGROUND" value="c93b48"/>
                <option name="EFFECT_TYPE" value="1"/>
            </value>
        </option>
        <option name="CUSTOM_NUMBER_ATTRIBUTES">
            <value>
                <option name="FOREGROUND" value="f36e3a"/>
            </value>
        </option>
        <option name="CUSTOM_STRING_ATTRIBUTES">
            <value>
                <option name="FOREGROUND" value="6a8759"/>
            </value>
        </option>
        <option name="CUSTOM_VALID_STRING_ESCAPE_ATTRIBUTES">
            <value>
                <option name="FOREGROUND" value="4646f1"/>
            </value>
        </option>
        <option name="DEFAULT_ATTRIBUTE">
            <value>
                <option name="FOREGROUND" value="f77669"/>
                <option name="FONT_TYPE" value="1"/>
            </value>
        </option>
        <option name="DEFAULT_BLOCK_COMMENT">
            <value>
                <option name="FOREGROUND" value="546e7a"/>
                <option name="FONT_TYPE" value="2"/>
            </value>
        </option>
        <option name="DEFAULT_BRACES">
            <value>
                <option name="FOREGROUND" value="cad3de"/>
            </value>
        </option>
        <option name="DEFAULT_BRACKETS">
            <value>
                <option name="FOREGROUND" value="cad3de"/>
            </value>
        </option>
        <option name="DEFAULT_CLASS_NAME">
            <value>
                <option name="FOREGROUND" value="ffcb6b"/>
            </value>
        </option>
        <option name="DEFAULT_CONSTANT">
            <value>
                <option name="FOREGROUND" value="f77669"/>
                <option name="FONT_TYPE" value="1"/>
            </value>
        </option>
        <option name="DEFAULT_DOC_COMMENT">
            <value>
                <option name="FOREGROUND" value="b0bec5"/>
            </value>
        </option>
        <option name="DEFAULT_DOC_COMMENT_TAG">
            <value>
                <option name="FOREGROUND" value="7c8a91"/>
                <option name="EFFECT_TYPE" value="1"/>
            </value>
        </option>
        <option name="DEFAULT_DOC_COMMENT_TAG_VALUE">
            <value>
                <option name="FOREGROUND" value="b0bec5"/>
                <option name="FONT_TYPE" value="3"/>
            </value>
        </option>
        <option name="DEFAULT_DOC_MARKUP">
            <value>
                <option name="FOREGROUND" value="b0bec5"/>
            </value>
        </option>
        <option name="DEFAULT_ENTITY">
            <value>
                <option name="FOREGROUND" value="f77669"/>
                <option name="FONT_TYPE" value="1"/>
            </value>
        </option>
        <option name="DEFAULT_FUNCTION_CALL">
            <value>
                <option name="FOREGROUND" value="6182b8"/>
            </value>
        </option>
        <option name="DEFAULT_FUNCTION_DECLARATION">
            <value>
                <option name="FOREGROUND" value="6182b8"/>
            </value>
        </option>
        <option name="DEFAULT_IDENTIFIER">
            <value>
                <option name="FOREGROUND" value="e6a247"/>
            </value>
        </option>
        <option name="DEFAULT_INSTANCE_FIELD">
            <value>
                <option name="FOREGROUND" value="ff5370"/>
            </value>
        </option>
        <option name="DEFAULT_INVALID_STRING_ESCAPE">
            <value>
                <option name="EFFECT_COLOR" value="722c40"/>
                <option name="EFFECT_TYPE" value="2"/>
            </value>
        </option>
        <option name="DEFAULT_KEYWORD">
            <value>
                <option name="FOREGROUND" value="945eb8"/>
            </value>
        </option>
        <option name="DEFAULT_LINE_COMMENT">
            <value>
                <option name="FOREGROUND" value="546e7a"/>
            </value>
        </option>
        <option name="DEFAULT_LOCAL_VARIABLE">
            <value>
                <option name="FOREGROUND" value="92bdec"/>
            </value>
        </option>
        <option name="DEFAULT_METADATA">
            <value>
                <option name="FOREGROUND" value="bbb529"/>
            </value>
        </option>
        <option name="DEFAULT_NUMBER">
            <value>
                <option name="FOREGROUND" value="f77669"/>
            </value>
        </option>
        <option name="DEFAULT_OPERATION_SIGN">
            <value>
                <option name="FOREGROUND" value="39adb5"/>
                <option name="FONT_TYPE" value="1"/>
            </value>
        </option>
        <option name="DEFAULT_PARAMETER">
            <value>
                <option name="FOREGROUND" value="ff5370"/>
            </value>
        </option>
        <option name="DEFAULT_PARENTHS">
            <value>
                <option name="FOREGROUND" value="7482a2"/>
            </value>
        </option>
        <option name="DEFAULT_PREDEFINED_SYMBOL">
            <value>
                <option name="FOREGROUND" value="58bcb3"/>
            </value>
        </option>
        <option name="DEFAULT_STATIC_FIELD">
            <value>
                <option name="FOREGROUND" value="ff5370"/>
            </value>
        </option>
        <option name="DEFAULT_STATIC_METHOD">
            <value>
                <option name="FOREGROUND" value="8dc4f0"/>
            </value>
        </option>
        <option name="DEFAULT_STRING">
            <value>
                <option name="FOREGROUND" value="91b859"/>
            </value>
        </option>
        <option name="DEFAULT_TAG">
            <value/>
        </option>
        <option name="DEFAULT_TEMPLATE_LANGUAGE_COLOR">
            <value>
                <option name="FOREGROUND" value="a7dbd8"/>
                <option name="BACKGROUND" value="fafafa"/>
                <option name="EFFECT_TYPE" value="5"/>
            </value>
        </option>
        <option name="DEFAULT_VALID_STRING_ESCAPE">
            <value/>
        </option>
        <option name="DELETED_TEXT_ATTRIBUTES">
            <value>
                <option name="FOREGROUND" value="ff5370"/>
                <option name="EFFECT_COLOR" value="c14360"/>
                <option name="EFFECT_TYPE" value="3"/>
            </value>
        </option>
        <option name="DEPRECATED_ATTRIBUTES">
            <value>
                <option name="FOREGROUND" value="ffffff"/>
                <option name="BACKGROUND" value="d3423e"/>
                <option name="EFFECT_TYPE" value="3"/>
            </value>
        </option>
        <option name="DIFF_CONFLICT">
            <value>
                <option name="BACKGROUND" value="252b39"/>
                <option name="ERROR_STRIPE_COLOR" value="8f5247"/>
            </value>
        </option>
        <option name="DIFF_DELETED">
            <value>
                <option name="BACKGROUND" value="722c40"/>
                <option name="ERROR_STRIPE_COLOR" value="656e76"/>
            </value>
        </option>
        <option name="DIFF_INSERTED">
            <value>
                <option name="BACKGROUND" value="1e272c"/>
                <option name="ERROR_STRIPE_COLOR" value="447152"/>
            </value>
        </option>
        <option name="DIFF_MODIFIED">
            <value>
                <option name="BACKGROUND" value="1e2a30"/>
                <option name="ERROR_STRIPE_COLOR" value="43698d"/>
            </value>
        </option>
        <option name="DOC_COMMENT_TAG_VALUE">
            <value>
                <option name="FOREGROUND" value="798891"/>
            </value>
        </option>
        <option name="DJANGO_COMMENT">
            <value>
                <option name="FOREGROUND" value="CCD7DA" />
                <option name="FONT_TYPE" value="2" />
            </value>
        </option>
        <option name="DJANGO_FILTER">
            <value>
                <option name="FOREGROUND" value="6182B8" />
            </value>
        </option>
        <option name="DJANGO_ID">
            <value>
                <option name="FOREGROUND" value="7C4DFF" />
            </value>
        </option>
        <option name="DJANGO_KEYWORD">
            <value>
                <option name="FOREGROUND" value="7C4DFF" />
            </value>
        </option>
        <option name="DJANGO_NUMBER">
            <value>
                <option name="FOREGROUND" value="F76D47" />
            </value>
        </option>
        <option name="DJANGO_STRING_LITERAL">
            <value>
                <option name="FOREGROUND" value="91B859" />
            </value>
        </option>
        <option name="DJANGO_TAG_NAME">
            <value>
                <option name="FOREGROUND" value="39ADB5" />
            </value>
        </option>
        <option name="DJANGO_TAG_START_END">
            <value>
                <option name="FOREGROUND" value="39ADB5" />
            </value>
        </option>
        <option name="DUPLICATE_FROM_SERVER">
            <value/>
        </option>
        <option name="ENUM_CONST">
            <value>
                <option name="FOREGROUND" value="9373a5"/>
            </value>
        </option>
        <option name="ERRORS_ATTRIBUTES">
            <value>
                <option name="EFFECT_COLOR" value="722c40"/>
                <option name="EFFECT_TYPE" value="2"/>
            </value>
        </option>
        <option name="EXECUTIONPOINT_ATTRIBUTES">
            <value>
                <option name="BACKGROUND" value="252b39"/>
            </value>
        </option>
        <option name="FOLDED_TEXT_ATTRIBUTES">
            <value>
                <option name="FOREGROUND" value="f3f349"/>
            </value>
        </option>
        <option name="FOLLOWED_HYPERLINK_ATTRIBUTES">
            <value>
                <option name="FOREGROUND" value="80cbc4"/>
                <option name="EFFECT_TYPE" value="1"/>
            </value>
        </option>
        <option name="GENERIC_SERVER_ERROR_OR_WARNING">
            <value>
                <option name="EFFECT_COLOR" value="f49810"/>
                <option name="ERROR_STRIPE_COLOR" value="f49810"/>
                <option name="EFFECT_TYPE" value="1"/>
            </value>
        </option>
        <option name="GROOVY_KEYWORD">
            <value>
                <option name="FOREGROUND" value="a7dbd8"/>
            </value>
        </option>
        <option name="GString">
            <value>
                <option name="FOREGROUND" value="6a8759"/>
            </value>
        </option>
        <option name="Groovydoc comment">
            <value>
                <option name="FOREGROUND" value="629755"/>
                <option name="FONT_TYPE" value="2"/>
            </value>
        </option>
        <option name="Groovydoc tag">
            <value>
                <option name="FOREGROUND" value="7cb36f"/>
                <option name="EFFECT_TYPE" value="1"/>
            </value>
        </option>
        <option name="HAML_RUBY_CODE">
            <value>
                <option name="BACKGROUND" value="252b39"/>
            </value>
        </option>
        <option name="HAML_TAG">
            <value>
                <option name="FOREGROUND" value="c3cee3"/>
            </value>
        </option>
        <option name="HTML_ATTRIBUTE_NAME">
            <value>
                <option name="FOREGROUND" value="ffcb6b"/>
            </value>
        </option>
        <option name="HTML_ATTRIBUTE_VALUE">
            <value>
                <option name="FOREGROUND" value="c3e887"/>
            </value>
        </option>
        <option name="HTML_COMMENT">
            <value>
                <option name="FOREGROUND" value="505c63"/>
                <option name="FONT_TYPE" value="2"/>
            </value>
        </option>
        <option name="HTML_ENTITY_REFERENCE">
            <value>
                <option name="FOREGROUND" value="92bdec"/>
            </value>
        </option>
        <option name="HTML_TAG">
            <value>
                <option name="FOREGROUND" value="6dc2b8"/>
            </value>
        </option>
        <option name="HTML_TAG_NAME">
            <value>
                <option name="FOREGROUND" value="ff5370"/>
            </value>
        </option>
        <option name="HYPERLINK_ATTRIBUTES">
            <value>
                <option name="FOREGROUND" value="58bcb3"/>
                <option name="EFFECT_TYPE" value="1"/>
            </value>
        </option>
        <option name="IDENTIFIER_UNDER_CARET_ATTRIBUTES">
            <value>
                <option name="BACKGROUND" value="DAE7E5"/>
                <option name="ERROR_STRIPE_COLOR" value="65737e"/>
                <option name="EFFECT_TYPE" value="1"/>
            </value>
        </option>
        <option name="IGNORE.VALUE">
            <value>
                <option name="FOREGROUND" value="c77554"/>
            </value>
        </option>
        <option name="IMPLICIT_ANONYMOUS_CLASS_PARAMETER_ATTRIBUTES">
            <value>
                <option name="FOREGROUND" value="b389c5"/>
                <option name="EFFECT_COLOR" value="b389c5"/>
                <option name="EFFECT_TYPE" value="1"/>
            </value>
        </option>
        <option name="INFO_ATTRIBUTES">
            <value>
                <option name="EFFECT_COLOR" value="d9b2d5"/>
                <option name="ERROR_STRIPE_COLOR" value="aeae80"/>
                <option name="EFFECT_TYPE" value="2"/>
            </value>
        </option>
        <option name="INJECTED_LANGUAGE_FRAGMENT">
            <value>
                <option name="FOREGROUND" value="ffffff"/>
            </value>
        </option>
        <option name="INSTANCE_FIELD_ATTRIBUTES">
            <value>
                <option name="FOREGROUND" value="1a1f29"/>
                <option name="EFFECT_TYPE" value="1"/>
            </value>
        </option>
        <option name="INTERFACE_NAME_ATTRIBUTES">
            <value>
                <option name="FOREGROUND" value="c3e88d"/>
            </value>
        </option>
        <option name="IVAR">
            <value>
                <option name="FOREGROUND" value="9373a5"/>
            </value>
        </option>
        <option name="Instance field">
            <value>
                <option name="FOREGROUND" value="1a1f29"/>
            </value>
        </option>
        <option name="Instance property reference ID">
            <value>
                <option name="FOREGROUND" value="1a1f29"/>
            </value>
        </option>
        <option name="JAVA_COMMA">
            <value>
                <option name="FOREGROUND" value="a7dbd8"/>
            </value>
        </option>
        <option name="JAVA_DOC_COMMENT">
            <value>
                <option name="FOREGROUND" value="505c63"/>
            </value>
        </option>
        <option name="JAVA_DOC_TAG">
            <value>
                <option name="EFFECT_TYPE" value="1"/>
            </value>
        </option>
        <option name="JAVA_KEYWORD">
            <value>
                <option name="FOREGROUND" value="c792ea"/>
            </value>
        </option>
        <option name="JAVA_NUMBER">
            <value>
                <option name="FOREGROUND" value="f77669"/>
            </value>
        </option>
        <option name="JAVA_SEMICOLON">
            <value>
                <option name="FOREGROUND" value="a7dbd8"/>
            </value>
        </option>
        <option name="JAVA_VALID_STRING_ESCAPE">
            <value>
                <option name="FOREGROUND" value="a7dbd8"/>
            </value>
        </option>
        <option name="JFLEX_MACROS_REF">
            <value>
                <option name="FOREGROUND" value="1a1f29"/>
            </value>
        </option>
        <option name="JS.GLOBAL_FUNCTION">
            <value>
                <option name="FOREGROUND" value="ffffff"/>
            </value>
        </option>
        <option name="JS.GLOBAL_VARIABLE">
            <value>
                <option name="FOREGROUND" value="6dc2b8"/>
            </value>
        </option>
        <option name="JS.INSTANCE_MEMBER_FUNCTION">
            <value>
                <option name="FOREGROUND" value="6dc2b8"/>
            </value>
        </option>
        <option name="JS.INSTANCE_MEMBER_VARIABLE">
            <value>
                <option name="FOREGROUND" value="6dc2b8"/>
            </value>
        </option>
        <option name="JS.INVALID_STRING_ESCAPE">
            <value>
                <option name="FOREGROUND" value="c3e887"/>
                <option name="EFFECT_TYPE" value="2"/>
            </value>
        </option>
        <option name="JS.LOCAL_VARIABLE">
            <value>
                <option name="FOREGROUND" value="6dc2b8"/>
            </value>
        </option>
        <option name="JS.PARAMETER">
            <value>
                <option name="FOREGROUND" value="ffffff"/>
            </value>
        </option>
        <option name="JS.PARENTHS">
            <value>
                <option name="FOREGROUND" value="d0f5d4"/>
            </value>
        </option>
        <option name="JS.REGEXP">
            <value>
                <option name="FOREGROUND" value="6dc2b8"/>
            </value>
        </option>
        <option name="JS.SEMICOLON">
            <value>
                <option name="FOREGROUND" value="6dc2b8"/>
            </value>
        </option>
        <option name="JS.VALID_STRING_ESCAPE">
            <value>
                <option name="FOREGROUND" value="6dc2b8"/>
            </value>
        </option>
        <option name="JSON.INVALID_ESCAPE">
            <value>
                <option name="FOREGROUND" value="ffffff"/>
                <option name="BACKGROUND" value="e74552"/>
                <option name="EFFECT_TYPE" value="2"/>
            </value>
        </option>
        <option name="JSON.KEYWORD">
            <value>
                <option name="FOREGROUND" value="f55e53"/>
            </value>
        </option>
        <option name="JSON.NUMBER">
            <value>
                <option name="FOREGROUND" value="b7e876"/>
            </value>
        </option>
        <option name="JSON.PROPERTY_KEY">
            <value>
                <option name="FOREGROUND" value="b7e876"/>
            </value>
        </option>
        <option name="JSON.STRING">
            <value>
                <option name="FOREGROUND" value="b7e876"/>
            </value>
        </option>
        <option name="JSON.VALID_ESCAPE">
            <value>
                <option name="FOREGROUND" value="6dc2b8"/>
            </value>
        </option>
        <option name="JSP_DIRECTIVE_NAME">
            <value>
                <option name="FOREGROUND" value="a7dbd8"/>
                <option name="FONT_TYPE" value="1"/>
            </value>
        </option>
        <option name="JSP_SCRIPTING_BACKGROUND">
            <value>
                <option name="FOREGROUND" value="a7dbd8"/>
            </value>
        </option>
        <option name="LABEL">
            <value>
                <option name="FONT_TYPE" value="2"/>
            </value>
        </option>
        <option name="LINE_FULL_COVERAGE">
            <value>
                <option name="BACKGROUND" value="1fc700"/>
                <option name="FONT_TYPE" value="1"/>
            </value>
        </option>
        <option name="LINE_NONE_COVERAGE">
            <value>
                <option name="BACKGROUND" value="ab1c07"/>
                <option name="FONT_TYPE" value="1"/>
                <option name="EFFECT_TYPE" value="3"/>
            </value>
        </option>
        <option name="LINE_PARTIAL_COVERAGE">
            <value>
                <option name="FONT_TYPE" value="1"/>
            </value>
        </option>
        <option name="LOG_ERROR_OUTPUT">
            <value>
                <option name="FOREGROUND" value="ff6b68"/>
            </value>
        </option>
        <option name="List/map to object conversion">
            <value>
                <option name="FOREGROUND" value="e8bf6a"/>
                <option name="FONT_TYPE" value="1"/>
            </value>
        </option>
        <option name="MACRONAME">
            <value>
                <option name="FOREGROUND" value="908b25"/>
            </value>
        </option>
        <option name="MAGIC_MEMBER_ACCESS">
            <value>
                <option name="FOREGROUND" value="20c5c3"/>
            </value>
        </option>
        <option name="MARKDOWN.AUTO_LINK">
            <value>
                <option name="FOREGROUND" value="ff355b"/>
            </value>
        </option>
        <option name="MARKDOWN.BULLET_LIST">
            <value>
                <option name="FOREGROUND" value="646877"/>
            </value>
        </option>
        <option name="MARKDOWN.EXPLICIT_LINK">
            <value>
                <option name="FOREGROUND" value="6dc2b8"/>
            </value>
        </option>
        <option name="MARKDOWN.HEADER_LEVEL_1">
            <value>
                <option name="FOREGROUND" value="63c0ee"/>
            </value>
        </option>
        <option name="MARKDOWN.HEADER_LEVEL_2">
            <value>
                <option name="FOREGROUND" value="63c0ee"/>
            </value>
        </option>
        <option name="MARKDOWN.HEADER_LEVEL_3">
            <value>
                <option name="FOREGROUND" value="63c0ee"/>
            </value>
        </option>
        <option name="MARKDOWN.HEADER_LEVEL_4">
            <value>
                <option name="FOREGROUND" value="63c0ee"/>
            </value>
        </option>
        <option name="MARKDOWN.HEADER_LEVEL_5">
            <value>
                <option name="FOREGROUND" value="63c0ee"/>
            </value>
        </option>
        <option name="MARKDOWN.IMAGE">
            <value>
                <option name="FOREGROUND" value="ff355b"/>
            </value>
        </option>
        <option name="MARKDOWN.MAIL_LINK">
            <value>
                <option name="FOREGROUND" value="ff355b"/>
            </value>
        </option>
        <option name="MARKDOWN.REFERENCE">
            <value>
                <option name="FOREGROUND" value="ff355b"/>
            </value>
        </option>
        <option name="MARKDOWN.REFERENCE_IMAGE">
            <value>
                <option name="FOREGROUND" value="ff355b"/>
            </value>
        </option>
        <option name="MARKDOWN.REFERENCE_LINK">
            <value>
                <option name="FOREGROUND" value="ff355b"/>
            </value>
        </option>
        <option name="MARKDOWN.TEXT">
            <value>
                <option name="FOREGROUND" value="c3cee3"/>
            </value>
        </option>
        <option name="MATCHED_BRACE_ATTRIBUTES">
            <value>
                <option name="FONT_TYPE" value="1"/>
                <option name="EFFECT_COLOR" value="b39613"/>
                <option name="EFFECT_TYPE" value="1"/>
            </value>
        </option>
        <option name="MESSAGE_ARGUMENT">
            <value>
                <option name="FOREGROUND" value="c4b3a3"/>
            </value>
        </option>
        <option name="METHOD_DECLARATION_ATTRIBUTES">
            <value>
                <option name="FOREGROUND" value="82b1ff"/>
            </value>
        </option>
        <option name="NOT_USED_ELEMENT_ATTRIBUTES">
            <value>
                <option name="FOREGROUND" value="808080"/>
                <option name="EFFECT_COLOR" value="808080"/>
                <option name="EFFECT_TYPE" value="2"/>
            </value>
        </option>
        <option name="Number">
            <value>
                <option name="FOREGROUND" value="f25619"/>
            </value>
        </option>
        <option name="OC.CPP_KEYWORD">
            <value>
                <option name="FOREGROUND" value="a7dbd8"/>
            </value>
        </option>
        <option name="OC.DIRECTIVE">
            <value>
                <option name="FOREGROUND" value="80b000"/>
            </value>
        </option>
        <option name="OC.KEYWORD">
            <value>
                <option name="FOREGROUND" value="a7dbd8"/>
            </value>
        </option>
        <option name="OC.NUMBER">
            <value>
                <option name="FOREGROUND" value="f25619"/>
            </value>
        </option>
        <option name="OC.PROPERTY">
            <value>
                <option name="FOREGROUND" value="cdbcac"/>
            </value>
        </option>
        <option name="OC.SELFSUPERTHIS">
            <value>
                <option name="FOREGROUND" value="a7dbd8"/>
            </value>
        </option>
        <option name="OC.STRING">
            <value>
                <option name="FOREGROUND" value="f36e3a"/>
            </value>
        </option>
        <option name="OC.STRUCT_FIELD">
            <value>
                <option name="FOREGROUND" value="9373a5"/>
            </value>
        </option>
        <option name="OC_FORMAT_TOKEN">
            <value>
                <option name="FOREGROUND" value="a7dbd8"/>
            </value>
        </option>
        <option name="PARAMETER_ATTRIBUTES">
            <value>
                <option name="FOREGROUND" value="ff5370"/>
            </value>
        </option>
        <option name="PHP_CLASS">
            <value>
                <option name="FOREGROUND" value="ebb060"/>
            </value>
        </option>
        <option name="PHP_EXEC_COMMAND_ID">
            <value>
                <option name="FOREGROUND" value="a5c25c"/>
                <option name="BACKGROUND" value="252b39"/>
            </value>
        </option>
        <option name="PHP_HEREDOC_ID">
            <value>
                <option name="FOREGROUND" value="2c9ea7"/>
            </value>
        </option>
        <option name="PHP_TAG">
            <value>
                <option name="FOREGROUND" value="be2c23"/>
            </value>
        </option>
        <option name="PHP_VAR">
            <value>
                <option name="FOREGROUND" value="ff5370"/>
            </value>
        </option>
        <option name="PROPERTIES.INVALID_STRING_ESCAPE">
            <value>
                <option name="FOREGROUND" value="f36e3a"/>
                <option name="BACKGROUND" value="252b39"/>
                <option name="EFFECT_COLOR" value="ff0000"/>
                <option name="EFFECT_TYPE" value="2"/>
            </value>
        </option>
        <option name="PROPERTIES.KEY">
            <value>
                <option name="FOREGROUND" value="a7dbd8"/>
                <option name="EFFECT_TYPE" value="1"/>
            </value>
        </option>
        <option name="PROPERTIES.KEY_VALUE_SEPARATOR">
            <value>
                <option name="FOREGROUND" value="c3cee3"/>
            </value>
        </option>
        <option name="PROPERTIES.VALUE">
            <value>
                <option name="FOREGROUND" value="f36e3a"/>
            </value>
        </option>
        <option name="PROTOCOL_REFERENCE">
            <value>
                <option name="FOREGROUND" value="219598"/>
            </value>
        </option>
        <option name="REGEXP.BRACES">
            <value>
                <option name="FOREGROUND" value="2c9ea7"/>
            </value>
        </option>
        <option name="REGEXP.BRACKETS">
            <value>
                <option name="FOREGROUND" value="c792ea"/>
            </value>
        </option>
        <option name="REGEXP.CHAR_CLASS">
            <value>
                <option name="FOREGROUND" value="6dc2b8"/>
            </value>
        </option>
        <option name="REGEXP.ESC_CHARACTER">
            <value>
                <option name="FOREGROUND" value="c792ea"/>
                <option name="FONT_TYPE" value="1"/>
            </value>
        </option>
        <option name="REGEXP.INVALID_STRING_ESCAPE">
            <value>
                <option name="FOREGROUND" value="6dc2b8"/>
                <option name="EFFECT_COLOR" value="bc3f3c"/>
                <option name="EFFECT_TYPE" value="2"/>
            </value>
        </option>
        <option name="REGEXP.META">
            <value>
                <option name="FOREGROUND" value="a7dbd8"/>
                <option name="FONT_TYPE" value="1"/>
            </value>
        </option>
        <option name="REGEXP.PARENTHS">
            <value>
                <option name="FOREGROUND" value="798194"/>
            </value>
        </option>
        <option name="REGEXP.QUOTE_CHARACTER">
            <value>
                <option name="FOREGROUND" value="a7dbd8"/>
                <option name="FONT_TYPE" value="1"/>
            </value>
        </option>
        <option name="PY.BRACES">
            <value>
                <option name="FOREGROUND" value="39ADB5" />
            </value>
        </option>
        <option name="PY.BRACKETS">
            <value>
                <option name="FOREGROUND" value="39ADB5" />
            </value>
        </option>
        <option name="PY.BUILTIN_NAME">
            <value>
                <option name="FOREGROUND" value="6182B8" />
            </value>
        </option>
        <option name="PY.CLASS_DEFINITION">
            <value>
                <option name="FOREGROUND" value="FFB62C" />
            </value>
        </option>
        <option name="PY.COMMA">
            <value>
                <option name="FOREGROUND" value="39ADB5" />
            </value>
        </option>
        <option name="PY.DECORATOR">
            <value>
                <option name="FOREGROUND" value="6182B8" />
            </value>
        </option>
        <option name="PY.DOC_COMMENT">
            <value>
                <option name="FOREGROUND" value="CCD7DA" />
                <option name="FONT_TYPE" value="2" />
            </value>
        </option>
        <option name="PY.DOT">
            <value>
                <option name="FOREGROUND" value="39ADB5" />
            </value>
        </option>
        <option name="PY.FUNC_DEFINITION">
            <value>
                <option name="FOREGROUND" value="6182B8" />
            </value>
        </option>
        <option name="PY.INVALID_STRING_ESCAPE">
            <value>
                <option name="FOREGROUND" value="ffffff" />
                <option name="BACKGROUND" value="E53935" />
            </value>
        </option>
        <option name="PY.KEYWORD">
            <value>
                <option name="FOREGROUND" value="7C4DFF" />
            </value>
        </option>
        <option name="PY.LINE_COMMENT">
            <value>
                <option name="FOREGROUND" value="CCD7DA" />
                <option name="FONT_TYPE" value="2" />
            </value>
        </option>
        <option name="PY.NUMBER">
            <value>
                <option name="FOREGROUND" value="F76D47" />
            </value>
        </option>
        <option name="PY.OPERATION_SIGN">
            <value>
                <option name="FOREGROUND" value="39ADB5" />
            </value>
        </option>
        <option name="PY.PARENTHS">
            <value>
                <option name="FOREGROUND" value="39ADB5" />
            </value>
        </option>
        <option baseAttributes="TEXT" name="PY.PREDEFINED_DEFINITION" />
        <option name="PY.PREDEFINED_USAGE">
            <value>
                <option name="FOREGROUND" value="6182B8" />
            </value>
        </option>
        <option name="PY.STRING">
            <value>
                <option name="FOREGROUND" value="91B859" />
            </value>
        </option>
        <option name="PY.VALID_STRING_ESCAPE">
            <value>
                <option name="FOREGROUND" value="39ADB5" />
            </value>
        </option>
        <option name="REST.FIXED">
            <value>
                <option name="BACKGROUND" value="252b39"/>
            </value>
        </option>
        <option name="REST.INLINE">
            <value>
                <option name="BACKGROUND" value="252b39"/>
            </value>
        </option>
        <option name="REST.INTERPRETED">
            <value>
                <option name="BACKGROUND" value="252b39"/>
            </value>
        </option>
        <option name="RHTML_COMMENT_ID">
            <value>
                <option name="FOREGROUND" value="CCD7DA" />
                <option name="FONT_TYPE" value="2" />
            </value>
        </option>
        <option name="RHTML_EXPRESSION_END_ID">
            <value>
                <option name="FOREGROUND" value="39ADB5" />
            </value>
        </option>
        <option name="RHTML_EXPRESSION_START_ID">
            <value>
                <option name="FOREGROUND" value="39ADB5" />
            </value>
        </option>
        <option name="RHTML_OMIT_NEW_LINE_ID">
            <value>
                <option name="FOREGROUND" value="39ADB5" />
            </value>
        </option>
        <option name="RHTML_SCRIPTING_BACKGROUND_ID">
            <value>
                <option name="FOREGROUND" value="39ADB5" />
            </value>
        </option>
        <option name="RHTML_SCRIPTLET_END_ID">
            <value>
                <option name="FOREGROUND" value="39ADB5" />
            </value>
        </option>
        <option name="RHTML_SCRIPTLET_START_ID">
            <value>
                <option name="FOREGROUND" value="39ADB5" />
            </value>
        </option>
        <option name="RUBY_BAD_CHARACTER">
            <value>
                <option name="FOREGROUND" value="ffffff" />
                <option name="BACKGROUND" value="E53935" />
            </value>
        </option>
        <option name="RUBY_BRACKETS">
            <value>
                <option name="FOREGROUND" value="39ADB5" />
            </value>
        </option>
        <option name="RUBY_COLON">
            <value>
                <option name="FOREGROUND" value="39ADB5" />
            </value>
        </option>
        <option name="RUBY_COMMA">
            <value>
                <option name="FOREGROUND" value="39ADB5" />
            </value>
        </option>
        <option name="RUBY_COMMENT">
            <value>
                <option name="FOREGROUND" value="CCD7DA" />
                <option name="FONT_TYPE" value="2" />
            </value>
        </option>
        <option name="RUBY_CONSTANT">
            <value>
                <option name="FOREGROUND" value="80CBC4" />
            </value>
        </option>
        <option name="RUBY_CONSTANT_DECLARATION">
            <value>
                <option name="FOREGROUND" value="FFB62C" />
            </value>
        </option>
        <option name="RUBY_CVAR">
            <value>
                <option name="FOREGROUND" value="80CBC4" />
            </value>
        </option>
        <option name="RUBY_DOT">
            <value>
                <option name="FOREGROUND" value="39ADB5" />
            </value>
        </option>
        <option name="RUBY_ESCAPE_SEQUENCE">
            <value>
                <option name="FOREGROUND" value="39ADB5" />
            </value>
        </option>
        <option name="RUBY_EXPR_IN_STRING">
            <value>
                <option name="FOREGROUND" value="91B859" />
            </value>
        </option>
        <option name="RUBY_GVAR">
            <value>
                <option name="FOREGROUND" value="80CBC4" />
            </value>
        </option>
        <option name="RUBY_HASH_ASSOC">
            <value>
                <option name="FOREGROUND" value="39ADB5" />
            </value>
        </option>
        <option name="RUBY_HEREDOC_CONTENT">
            <value>
                <option name="FOREGROUND" value="91B859" />
            </value>
        </option>
        <option name="RUBY_HEREDOC_ID">
            <value>
                <option name="FOREGROUND" value="39ADB5" />
            </value>
        </option>
        <option name="RUBY_IDENTIFIER">
            <value>
                <option name="FOREGROUND" value="80CBC4" />
            </value>
        </option>
        <option name="RUBY_INTERPOLATED_STRING">
            <value>
                <option name="FOREGROUND" value="91B859" />
            </value>
        </option>
        <option name="RUBY_INVALID_ESCAPE_SEQUENCE">
            <value>
                <option name="FOREGROUND" value="ffffff" />
                <option name="BACKGROUND" value="E53935" />
            </value>
        </option>
        <option name="RUBY_IVAR">
            <value>
                <option name="FOREGROUND" value="80CBC4" />
            </value>
        </option>
        <option name="RUBY_KEYWORD">
            <value>
                <option name="FOREGROUND" value="7C4DFF" />
            </value>
        </option>
        <option name="RUBY_LINE_CONTINUATION">
            <value>
                <option name="FOREGROUND" value="39ADB5" />
            </value>
        </option>
        <option name="RUBY_LOCAL_VAR_ID">
            <value>
                <option name="FOREGROUND" value="80CBC4" />
            </value>
        </option>
        <option name="RUBY_METHOD_NAME">
            <value>
                <option name="FOREGROUND" value="6182B8" />
            </value>
        </option>
        <option baseAttributes="TEXT" name="RUBY_NTH_REF" />
        <option name="RUBY_NUMBER">
            <value>
                <option name="FOREGROUND" value="F76D47" />
            </value>
        </option>
        <option name="RUBY_OPERATION_SIGN">
            <value>
                <option name="FOREGROUND" value="39ADB5" />
            </value>
        </option>
        <option name="RUBY_PARAMDEF_CALL">
            <value>
                <option name="FOREGROUND" value="6182B8" />
            </value>
        </option>
        <option name="RUBY_PARAMETER_ID">
            <value>
                <option name="FOREGROUND" value="F76D47" />
            </value>
        </option>
        <option name="RUBY_REGEXP">
            <value>
                <option name="FOREGROUND" value="39ADB5" />
            </value>
        </option>
        <option name="RUBY_SEMICOLON">
            <value>
                <option name="FOREGROUND" value="39ADB5" />
            </value>
        </option>
        <option name="RUBY_SPECIFIC_CALL">
            <value>
                <option name="FOREGROUND" value="80CBC4" />
            </value>
        </option>
        <option name="RUBY_STRING">
            <value>
                <option name="FOREGROUND" value="91B859" />
            </value>
        </option>
        <option name="RUBY_SYMBOL">
            <value>
                <option name="FOREGROUND" value="91B859" />
            </value>
        </option>
        <option name="RUBY_WORDS">
            <value>
                <option name="FOREGROUND" value="91B859" />
            </value>
        </option>
        <option name="SASS_COMMENT">
            <value>
                <option name="FOREGROUND" value="CCD7DA" />
                <option name="FONT_TYPE" value="2" />
            </value>
        </option>
        <option name="SASS_DEFAULT">
            <value>
                <option name="FOREGROUND" value="7C4DFF" />
            </value>
        </option>
        <option name="SASS_EXTEND">
            <value>
                <option name="FOREGROUND" value="7C4DFF" />
            </value>
        </option>
        <option name="SASS_FUNCTION">
            <value>
                <option name="FOREGROUND" value="F76D47" />
            </value>
        </option>
        <option name="SASS_IDENTIFIER">
            <value>
                <option name="FOREGROUND" value="FFB62C" />
            </value>
        </option>
        <option name="SASS_IMPORTANT">
            <value>
                <option name="FOREGROUND" value="7C4DFF" />
            </value>
        </option>
        <option name="SASS_KEYWORD">
            <value>
                <option name="FOREGROUND" value="7C4DFF" />
            </value>
        </option>
        <option name="SASS_MIXIN">
            <value>
                <option name="FOREGROUND" value="7C4DFF" />
            </value>
        </option>
        <option name="SASS_NUMBER">
            <value>
                <option name="FOREGROUND" value="F76D47" />
            </value>
        </option>
        <option name="SASS_PROPERTY_NAME">
            <value>
                <option name="FOREGROUND" value="FFB62C" />
            </value>
        </option>
        <option name="SASS_PROPERTY_VALUE">
            <value>
                <option name="FOREGROUND" value="F76D47" />
            </value>
        </option>
        <option name="SASS_STRING">
            <value>
                <option name="FOREGROUND" value="91B859" />
            </value>
        </option>
        <option name="SASS_TAG_NAME">
            <value>
                <option name="FOREGROUND" value="FF5370" />
            </value>
        </option>
        <option name="SASS_URL">
            <value>
                <option name="FOREGROUND" value="F76D47" />
            </value>
        </option>
        <option name="SASS_VARIABLE">
            <value>
                <option name="FOREGROUND" value="F76D47" />
            </value>
        </option>
        <option name="SEARCH_RESULT_ATTRIBUTES">
            <value>
                <option name="FOREGROUND" value="1e3445"/>
                <option name="BACKGROUND" value="f8e71c"/>
            </value>
        </option>
        <option name="SQL_KEYWORD">
            <value>
                <option name="FOREGROUND" value="a7dbd8"/>
                <option name="FONT_TYPE" value="1"/>
            </value>
        </option>
        <option name="SQL_NUMBER">
            <value>
                <option name="FOREGROUND" value="f25619"/>
            </value>
        </option>
        <option name="SQL_STRING">
            <value>
                <option name="FOREGROUND" value="f36e3a"/>
                <option name="FONT_TYPE" value="1"/>
            </value>
        </option>
        <option name="SQL_SYNTHETIC_ENTITY">
            <value>
                <option name="FOREGROUND" value="f36e3a"/>
            </value>
        </option>
        <option name="STATIC_FIELD_ATTRIBUTES">
            <value>
                <option name="FOREGROUND" value="1a1f29"/>
                <option name="FONT_TYPE" value="2"/>
                <option name="EFFECT_TYPE" value="1"/>
            </value>
        </option>
        <option name="STATIC_FINAL_FIELD_ATTRIBUTES">
            <value>
                <option name="FOREGROUND" value="1a1f29"/>
                <option name="FONT_TYPE" value="2"/>
                <option name="EFFECT_TYPE" value="1"/>
            </value>
        </option>
        <option name="Static method access">
            <value>
                <option name="FOREGROUND" value="1a1f29"/>
                <option name="FONT_TYPE" value="2"/>
            </value>
        </option>
        <option name="Static property reference ID">
            <value>
                <option name="FOREGROUND" value="1a1f29"/>
                <option name="FONT_TYPE" value="2"/>
            </value>
        </option>
        <option name="String">
            <value>
                <option name="FOREGROUND" value="f36e3a"/>
            </value>
        </option>
        <option name="TAPESTRY_COMPONENT_TAG">
            <value>
                <option name="FOREGROUND" value="a7dbd8"/>
                <option name="FONT_TYPE" value="1"/>
            </value>
        </option>
        <option name="TEMPLATE_VARIABLE_ATTRIBUTES">
            <value>
                <option name="FOREGROUND" value="bd92ea"/>
            </value>
        </option>
        <option name="TEXT">
            <value>
                <option name="FOREGROUND" value="90a4ae"/>
                <option name="BACKGROUND" value="fafafa"/>
                <option name="EFFECT_TYPE" value="5"/>
            </value>
        </option>
        <option name="TEXT_SEARCH_RESULT_ATTRIBUTES">
            <value>
                <option name="EFFECT_COLOR" value="f8e71c"/>
            </value>
        </option>
        <option name="TODO_DEFAULT_ATTRIBUTES">
            <value>
                <option name="FOREGROUND" value="ffeb95"/>
                <option name="FONT_TYPE" value="2"/>
            </value>
        </option>
        <option name="TYPEDEF">
            <value>
                <option name="FOREGROUND" value="c7c8f5"/>
            </value>
        </option>
        <option name="TYPE_PARAMETER_NAME_ATTRIBUTES">
            <value>
                <option name="FOREGROUND" value="507874"/>
            </value>
        </option>
        <option name="TYPO">
            <value>
                <option name="EFFECT_COLOR" value="ffeb95"/>
                <option name="EFFECT_TYPE" value="2"/>
            </value>
        </option>
        <option name="UNMATCHED_BRACE_ATTRIBUTES">
            <value>
                <option name="FOREGROUND" value="d1243b"/>
            </value>
        </option>
        <option name="Unresolved reference access">
            <value>
                <option name="FOREGROUND" value="808080"/>
                <option name="EFFECT_COLOR" value="808080"/>
                <option name="EFFECT_TYPE" value="1"/>
            </value>
        </option>
        <option name="VELOCITY_KEYWORD">
            <value>
                <option name="FOREGROUND" value="a7dbd8"/>
                <option name="FONT_TYPE" value="1"/>
            </value>
        </option>
        <option name="VELOCITY_NUMBER">
            <value>
                <option name="FOREGROUND" value="f36e3a"/>
            </value>
        </option>
        <option name="VELOCITY_SCRIPTING_BACKGROUND">
            <value>
                <option name="BACKGROUND" value="252b39"/>
            </value>
        </option>
        <option name="Valid string escape">
            <value>
                <option name="FOREGROUND" value="a7dbd8"/>
            </value>
        </option>
        <option name="WARNING_ATTRIBUTES">
            <value>
                <option name="ERROR_STRIPE_COLOR" value="8c8c00"/>
                <option name="EFFECT_TYPE" value="2"/>
            </value>
        </option>
        <option name="WRITE_IDENTIFIER_UNDER_CARET_ATTRIBUTES">
            <value>
                <option name="BACKGROUND" value="DAE7E5"/>
                <option name="ERROR_STRIPE_COLOR" value="65737e"/>
                <option name="EFFECT_TYPE" value="1"/>
            </value>
        </option>
        <option name="WRITE_SEARCH_RESULT_ATTRIBUTES">
            <value>
                <option name="BACKGROUND" value="202431"/>
                <option name="ERROR_STRIPE_COLOR" value="c55450"/>
            </value>
        </option>
        <option name="WRONG_REFERENCES_ATTRIBUTES">
            <value>
                <option name="FOREGROUND" value="bc3f3c"/>
            </value>
        </option>
        <option name="XML_ATTRIBUTE_NAME">
            <value>
                <option name="FOREGROUND" value="ffc251"/>
            </value>
        </option>
        <option name="XML_NS_PREFIX">
            <value>
                <option name="FOREGROUND" value="ffc251"/>
            </value>
        </option>
        <option name="XML_TAG_DATA">
            <value>
                <option name="FOREGROUND" value="c3e887"/>
                <option name="EFFECT_TYPE" value="5"/>
            </value>
        </option>
        <option name="XML_TAG_NAME">
            <value>
                <option name="FOREGROUND" value="ff355b"/>
            </value>
        </option>
        <option name="XPATH.KEYWORD">
            <value>
                <option name="FOREGROUND" value="a7dbd8"/>
                <option name="FONT_TYPE" value="1"/>
            </value>
        </option>
        <option name="XPATH.NUMBER">
            <value>
                <option name="FOREGROUND" value="f25619"/>
            </value>
        </option>
        <option name="XPATH.STRING">
            <value>
                <option name="FOREGROUND" value="f36e3a"/>
                <option name="FONT_TYPE" value="1"/>
            </value>
        </option>
        <option name="XPATH.XPATH_NAME">
            <value>
                <option name="FOREGROUND" value="1a1f29"/>
            </value>
        </option>
        <option name="XPATH.XPATH_VARIABLE">
            <value>
                <option name="FOREGROUND" value="f38630"/>
                <option name="FONT_TYPE" value="1"/>
            </value>
        </option>
        <option name="YAML_COMMENT">
            <value>
                <option name="FOREGROUND" value="505c63"/>
                <option name="FONT_TYPE" value="2"/>
            </value>
        </option>
        <option name="YAML_SCALAR_DSTRING">
            <value>
                <option name="FOREGROUND" value="f36e3a"/>
            </value>
        </option>
        <option name="YAML_SCALAR_KEY">
            <value>
                <option name="FOREGROUND" value="f36e3a"/>
            </value>
        </option>
        <option name="YAML_SCALAR_STRING">
            <value>
                <option name="FOREGROUND" value="f36e3a"/>
            </value>
        </option>
        <option name="YAML_SCALAR_VALUE">
            <value>
                <option name="FOREGROUND" value="f25619"/>
            </value>
        </option>
        <option name="osmorc.headerName">
            <value>
                <option name="FOREGROUND" value="a7dbd8"/>
                <option name="FONT_TYPE" value="1"/>
            </value>
        </option>
    </attributes>
</scheme>
