<associations>
    <associations>
        <type name="Images" type="Images" icon="/icons/fileTypes/image.png"/>
        <regex name="Angular" pattern=".*\.ng\.(html|js)$" icon="/icons/fileTypes/angular.png"/>
        <regex name="Blade" pattern=".*\.blade\.php$" icon="/icons/plugins/blade/blade.png"/>
        <regex name="PHP" pattern="^(?:(?!\.blade).)*\.(php|phps)$" icon="/icons/plugins/php/php-icon.png"/>
        <regex name="PHTML" pattern=".*\.phtml$" icon="/icons/plugins/php/phtml.png"/>
        <regex name="SASS" pattern=".*\.sass$" icon="/icons/plugins/sass/sass.png"/>
        <regex name="SCSS" pattern=".*\.scss$" icon="/icons/plugins/sass/scss.png"/>
        <regex name="HAML" pattern=".*\.haml$" icon="/icons/plugins/haml/haml.png"/>
        <regex name="Less" pattern=".*\.less$" icon="/icons/plugins/less/less.png"/>
        <regex name="Git" pattern="\.git.*$" icon="/icons/plugins/git/git.png"/>
        <regex name="CoffeeScript" pattern=".*\.coffee$" icon="/icons/plugins/coffeescript/coffeescript.png"/>
        <regex name="Markdown" pattern=".*\.md$" icon="/icons/plugins/markdown/markdown.png"/>
        <regex name="Shell" pattern=".*\.(sh|zsh|bashrc)$" icon="/icons/fileTypes/shell.png"/>
        <regex name="Fish" pattern=".*\.fish$" icon="/icons/fileTypes/fish.png"/>
        <regex name="Properties" pattern=".*\.properties$" icon="/icons/fileTypes/source.png"/>
        <regex name="Vue" pattern=".*\.vue$" icon="/icons/fileTypes/vue.png"/>
        <regex name="HTML" pattern=".*\.(html|xhtml|tpl)$" icon="/icons/fileTypes/html.png"/>
        <regex name="AppleScript" pattern=".*\.applescript$" icon="/icons/fileTypes/applescript.png"/>
        <regex name="Perl" pattern=".*\.pl$" icon="/icons/fileTypes/perl.png"/>
        <regex name="YAML" pattern=".*\.(yml|config|info)$" icon="/icons/fileTypes/yaml.png"/>
        <regex name="Photoshop" pattern=".*\.psd$" icon="/icons/fileTypes/psd.png"/>
        <regex name="Illustrator" pattern=".*\.ai$" icon="/icons/fileTypes/ai.png"/>
        <regex name="ActionScript" pattern=".*\.as$" icon="/icons/fileTypes/actionscript.png"/>
        <regex name="LISP" pattern=".*\.lisp$" icon="/icons/fileTypes/lisp.png"/>
        <regex name="Lua" pattern=".*\.lua" icon="/icons/fileTypes/lua.png"/>
        <regex name="Bower" pattern="((.*\.(bower|bowerrc))|bower\.json)$" icon="/icons/fileTypes/bower.png"/>
        <regex name="Ruby" pattern=".*\.rb$" icon="/icons/fileTypes/ruby.png"/>
        <regex name="Rust" pattern=".*\.rs$" icon="/icons/fileTypes/rust.png"/>
        <regex name="Archive" pattern=".*\.(zip|rar|tar|tar\.gz|gz)$" icon="/icons/fileTypes/archive.png"/>
        <regex name="PDF" pattern=".*\.pdf$" icon="/icons/fileTypes/pdf.png"/>
        <regex name="SQL" pattern=".*\.sql$" icon="/icons/fileTypes/sql.png"/>
        <regex name="Python" pattern=".*\.py$" icon="/icons/fileTypes/python.png"/>
        <regex name="R" pattern=".*\.r$" icon="/icons/fileTypes/R.png"/>
        <regex name="Haskell" pattern=".*\.hs$" icon="/icons/fileTypes/haskell.png"/>
        <regex name="Jade" pattern=".*\.jade$" icon="/icons/fileTypes/jade.png"/>
        <regex name="Scala" pattern=".*\.scala$" icon="/icons/fileTypes/scala.png"/>
        <regex name="ASP" pattern=".*\.(asp|cshtml)$" icon="/icons/fileTypes/asp.png"/>
        <regex name="GO" pattern=".*\.(go|gohtml)$" icon="/icons/fileTypes/go.png"/>
        <regex name="TypeScript" pattern=".*\.(ts|tsx)$" icon="/icons/fileTypes/typeScript.png"/>
        <regex name="Stylus" pattern=".*\.styl$" icon="/icons/fileTypes/stylus.png"/>
        <regex name="C#" pattern=".*\.cs$" icon="/icons/fileTypes/chash.png"/>
        <regex name="C" pattern=".*\.(c|h)$" icon="/icons/fileTypes/c.png"/>
        <regex name="C++" pattern=".*\.(cpp|hpp)$" icon="/icons/fileTypes/cpp.png"/>
        <regex name="CFC" pattern=".*\.cfc$" icon="/icons/fileTypes/cfc.png"/>
        <regex name="CFM" pattern=".*\.(cfm|cfml)$" icon="/icons/fileTypes/cfm.png"/>
        <regex name="Clojure" pattern=".*\.(cljs|clj)$" icon="/icons/fileTypes/clojure.png"/>
        <regex name="DLang" pattern=".*\.d$" icon="/icons/fileTypes/dlang.png"/>
        <regex name="Gradle" pattern=".*\.gradle$" icon="/icons/fileTypes/gradle.png"/>
        <regex name="HTAccess" pattern=".*\.(conf|htaccess)$" icon="/icons/fileTypes/htaccess.png"/>
        <regex name="NPM" pattern=".*\.npm.*$" icon="/icons/fileTypes/npm.png"/>
        <regex name="Docker" pattern="((^Dockerfile$)|(.*\.extra$))" icon="/icons/fileTypes/docker.png"/>
        <regex name="ERLang" pattern=".*\.erc$" icon="/icons/fileTypes/erlang.png"/>
        <regex name="Elixir" pattern=".*\.(ex|exs)$" icon="/icons/fileTypes/elixir.png"/>
        <regex name="Font" pattern=".*\.(ttf|ttc|pfb|pfm|otf|dfont|pfa|afm)$" icon="/icons/fileTypes/font.png"/>
        <regex name="HackLang" pattern=".*\.hh$" icon="/icons/fileTypes/hacklang.png"/>
        <regex name="Slim" pattern=".*\.slim$" icon="/icons/fileTypes/slim.png"/>
        <regex name="Swift" pattern=".*\.swift$" icon="/icons/fileTypes/swift.png"/>
        <regex name="TCL" pattern=".*\.tcl$" icon="/icons/fileTypes/tcl.png"/>
        <regex name="TODO" pattern="^TODO$" icon="/icons/fileTypes/todo.png"/>
        <regex name="LICENSE" pattern="^LICENSE$" icon="/icons/fileTypes/license.png"/>
        <regex name="Twig" pattern=".*\.twig$" icon="/icons/fileTypes/twig.png"/>
        <regex name="Puppet" pattern=".*\.pp$" icon="/icons/fileTypes/puppet.png"/>
        <regex name="Julia" pattern=".*\.jl$" icon="/icons/fileTypes/julia.png"/>
        <regex name="Kotlin" pattern=".*\.kt$" icon="/icons/fileTypes/kotlin.png"/>
        <regex name="Liquid" pattern=".*\.liquid$" icon="/icons/fileTypes/liquid.png"/>
        <regex name="Mustache" pattern=".*\.hbs$" icon="/icons/fileTypes/mustache.png"/>
        <regex name="Rails" pattern=".*\.erb$" icon="/icons/fileTypes/rails.png"/>
        <regex name="Behat" pattern=".*\.feature$" icon="/icons/fileTypes/behat.png"/>
        <regex name="Haxe" pattern=".*\.hx$" icon="/icons/fileTypes/haxe.png"/>
        <regex name="XML" pattern=".*\.(xml|ini)$" icon="/icons/fileTypes/xml.png"/>
        <regex name="CSS" pattern=".*\.css$" icon="/icons/fileTypes/css.png"/>
        <regex name="JSON" pattern=".*\.json$" icon="/icons/fileTypes/json.png"/>
        <regex name="Javascript" pattern=".*\.(js|es6|es)$" icon="/icons/fileTypes/javaScript.png"/>
        <regex name="Java Server Pages" pattern=".*\.jsp$" icon="/icons/fileTypes/jsp.png"/>
        <regex name="React JS" pattern=".*\.jsx$" icon="/icons/fileTypes/react.png"/>
        <regex name="Text" pattern=".*\.txt$" icon="/icons/fileTypes/text.png"/>
        <regex name="Java" pattern=".*\.(java|class)$" icon="/icons/fileTypes/java.png"/>

        <psi name="PSIClass" type="com.intellij.psi.PsiClass" />

        <regex name="Any" pattern=".*" icon="/icons/fileTypes/any_type.png"/>
    </associations>
</associations>
